<?xml version="1.0" encoding="UTF-8"?>
<root>
  <item name="com.yqritc.recyclerviewflexibledivider.FlexibleDividerDecoration.Builder&lt;T&gt; T colorResId(int) 0">
    <annotation name="android.support.annotation.ColorRes" />
  </item>
  <item name="com.yqritc.recyclerviewflexibledivider.FlexibleDividerDecoration.Builder&lt;T&gt; T drawable(int) 0">
    <annotation name="android.support.annotation.DrawableRes" />
  </item>
  <item name="com.yqritc.recyclerviewflexibledivider.FlexibleDividerDecoration.Builder&lt;T&gt; T sizeResId(int) 0">
    <annotation name="android.support.annotation.DimenRes" />
  </item>
  <item name="com.yqritc.recyclerviewflexibledivider.HorizontalDividerItemDecoration.Builder com.yqritc.recyclerviewflexibledivider.HorizontalDividerItemDecoration.Builder marginResId(int) 0">
    <annotation name="android.support.annotation.DimenRes" />
  </item>
  <item name="com.yqritc.recyclerviewflexibledivider.HorizontalDividerItemDecoration.Builder com.yqritc.recyclerviewflexibledivider.HorizontalDividerItemDecoration.Builder marginResId(int, int) 0">
    <annotation name="android.support.annotation.DimenRes" />
  </item>
  <item name="com.yqritc.recyclerviewflexibledivider.HorizontalDividerItemDecoration.Builder com.yqritc.recyclerviewflexibledivider.HorizontalDividerItemDecoration.Builder marginResId(int, int) 1">
    <annotation name="android.support.annotation.DimenRes" />
  </item>
  <item name="com.yqritc.recyclerviewflexibledivider.VerticalDividerItemDecoration.Builder com.yqritc.recyclerviewflexibledivider.VerticalDividerItemDecoration.Builder marginResId(int) 0">
    <annotation name="android.support.annotation.DimenRes" />
  </item>
  <item name="com.yqritc.recyclerviewflexibledivider.VerticalDividerItemDecoration.Builder com.yqritc.recyclerviewflexibledivider.VerticalDividerItemDecoration.Builder marginResId(int, int) 0">
    <annotation name="android.support.annotation.DimenRes" />
  </item>
  <item name="com.yqritc.recyclerviewflexibledivider.VerticalDividerItemDecoration.Builder com.yqritc.recyclerviewflexibledivider.VerticalDividerItemDecoration.Builder marginResId(int, int) 1">
    <annotation name="android.support.annotation.DimenRes" />
  </item>
</root>

